M3	M3IIISXNo4319	H24	037740	0			0	0	0	1	8	0	0			0	
1	 0	0	  0	  4.112902	  4.065716	  0.095274
2	 1	0	  0	  6.163970	 -2.035274	 -0.160690
3	 2	0	  0	  6.914006	 -6.489232	  0.076398
4	 3	0	  0	  5.945747	 -2.334408	 -0.075610
5	 4	0	  0	  2.752202	 -3.476085	 -0.088776
6	 5	0	  0	  6.903654	 -6.545552	  0.344556
7	 6	0	  0	  1.117114	 -5.598017	 -0.064175
8	 7	0	  0	  1.748408	 -3.105913	  0.159211
9	 8	0	  0	 -1.774769	  0.109490	 -0.074368
10	 9	0	  0	 -5.633259	 -1.731466	 -0.223039
11	10	0	  0	 -3.282370	 -4.717344	 -0.256150
12	11	0	  0	 -3.950614	  2.600290	 -0.235541
13	12	0	  0	  7.828756	  0.938551	  0.021040
14	13	0	  0	 -2.496621	 -2.759092	  0.028329
15	14	0	  0	 -2.500261	 -5.708384	 -0.005723
16	15	0	  0	  8.773237	 -1.344029	  0.184200
17	16	0	  0	 -5.010145	 -5.896159	 -0.387408
18	17	0	  0	  4.045427	 -6.258644	 -0.038113
19	18	0	  0	 -8.174888	 -0.872095	 -0.098810
20	19	0	  0	  0.954499	 -4.437960	  0.135049
21	20	0	  0	  5.698905	 -2.591873	  0.048768
22	21	0	  0	-11.946814	 -1.348526	 -0.073604
23	22	0	  0	  2.023853	 -2.471411	  0.139735
24	23	0	  0	 -1.007805	 -3.163989	 -0.295322
25	 0	0	 90	 -3.615847	  1.563927	 -0.126590
26	 1	0	 90	  1.809820	  0.096036	 -0.212713
27	 2	0	 90	  5.142144	 -3.406937	 -0.100775
28	 3	0	 90	  7.715476	  1.881390	  0.028189
29	 4	0	 90	  2.275204	  2.598373	 -0.014297
30	 5	0	 90	  5.077530	 -5.033172	  0.089175
31	 6	0	 90	 -0.568628	 -1.232415	 -0.046073
32	 7	0	 90	  2.592335	  3.465827	  0.181415
33	 8	0	 90	  4.910694	 -2.891130	 -0.401207
34	 9	0	 90	 -0.056772	  1.094579	  0.126079
35	10	0	 90	  7.423932	 -2.835206	 -0.493528
36	11	0	 90	 -0.768555	 -1.261089	 -0.082871
37	12	0	 90	  6.840017	 -5.337468	 -0.032370
38	13	0	 90	  2.197189	  2.736187	  0.058363
39	14	0	 90	  3.674346	 -2.485610	 -0.121379
40	15	0	 90	  2.435874	  0.325408	 -0.388778
41	16	0	 90	  4.573499	 -2.262603	  0.048929
42	17	0	 90	  2.338003	 -2.979271	 -0.053963
43	18	0	 90	 -3.358568	 -6.008897	  0.028779
44	19	0	 90	  6.876374	 -2.125108	  0.087138
45	20	0	 90	  3.609702	  0.695315	  0.064381
46	21	0	 90	  4.964367	 -4.808798	  0.099919
47	22	0	 90	  2.474789	 -4.960178	 -0.271969
48	23	0	 90	  4.055494	 -3.296377	 -0.090244
49	 0	0	180	  0.705630	 -0.036434	  0.100478
50	 1	0	180	 -1.489751	  3.305326	 -0.308664
51	 2	0	180	 11.741123	  1.173747	  0.179108
52	 3	0	180	  0.341174	  1.504707	 -0.185594
53	 4	0	180	  0.587040	 -1.133071	  0.205263
54	 5	0	180	  7.760212	  1.869436	  0.124804
55	 6	0	180	  2.557544	  3.112418	  0.040264
56	 7	0	180	  0.863019	  6.344306	 -0.084916
57	 8	0	180	  3.967714	  7.222203	  0.061796
58	 9	0	180	  4.851723	  5.015609	 -0.065574
59	10	0	180	  4.867615	 -1.808292	 -0.166020
60	11	0	180	 16.448818	 -1.518271	  0.133327
61	12	0	180	 16.058733	  0.832386	  0.092371
62	13	0	180	  6.977258	  4.863883	 -0.009034
63	14	0	180	 -2.418718	  4.814374	 -0.105547
64	15	0	180	 -0.803244	  3.205467	 -0.212966
65	16	0	180	  8.230320	  4.324127	  0.064471
66	17	0	180	  2.686648	  0.544778	 -0.122270
67	18	0	180	 17.384608	 -4.903108	  0.166685
68	19	0	180	 15.407862	 -1.066448	  0.065510
69	20	0	180	  6.046183	  2.901477	  0.004408
70	21	0	180	  8.225026	 -6.222363	  0.133558
71	22	0	180	  9.666130	 -5.158094	 -0.101517
72	23	0	180	  6.083040	  0.088647	 -0.071293
73	 0	0	270	  4.894842	  0.861936	  0.110467
74	 1	0	270	  1.670287	 -2.664514	 -0.038288
75	 2	0	270	  5.441015	  0.316956	 -0.091282
76	 3	0	270	  4.532319	 -8.016683	 -0.244920
77	 4	0	270	  2.935241	 -5.471106	  0.098883
78	 5	0	270	  1.414678	 -1.502863	  0.077771
79	 6	0	270	 -3.155950	  0.445370	  0.085536
80	 7	0	270	  3.134918	 -0.923518	  0.392749
81	 8	0	270	 -1.438369	  1.674712	 -0.114232
82	 9	0	270	  2.188167	  8.928977	  0.027748
83	10	0	270	  5.173468	 -0.506604	  0.045239
84	11	0	270	  1.861691	  5.078426	 -0.268606
85	12	0	270	  5.187171	  1.337562	  0.112724
86	13	0	270	  2.739586	  1.940542	 -0.134851
87	14	0	270	 -0.923281	  1.613382	 -0.066247
88	15	0	270	  7.253143	 -0.431618	  0.128285
89	16	0	270	  2.413186	 -2.795567	 -0.209647
90	17	0	270	  1.556323	 -3.534762	  0.004225
91	18	0	270	 12.996984	  2.386703	  0.142173
92	19	0	270	  7.133853	 -2.025201	  0.052005
93	20	0	270	  1.926532	  0.274176	  0.132923
94	21	0	270	  6.568389	  1.759086	 -0.001489
95	22	0	270	  9.239200	  0.422680	 -0.033720
96	23	0	270	  4.514501	 -3.456014	 -0.097885
97	 0	0	  0	  9.386194	  2.792934	 -0.052019
98	 1	0	  0	  7.284443	 -0.135265	 -0.250673
99	 2	0	  0	  7.340675	 -2.533713	 -0.053248
100	 3	0	  0	  9.886944	 -1.256770	  0.048060
101	 4	0	  0	  5.800774	 -2.281432	  0.151714
102	 5	0	  0	  4.775281	 -8.403373	 -0.050286
103	 6	0	  0	 -0.771830	 -5.393012	  0.046143
104	 7	0	  0	  4.573402	 -3.749189	  0.061004
105	 8	0	  0	 -0.349383	 -0.462443	 -0.256493
106	 9	0	  0	 -1.516343	 -1.672465	 -0.134873
107	10	0	  0	 -1.317978	 -4.249022	 -0.271041
108	11	0	  0	 -1.791907	  5.566687	 -0.376575
109	12	0	  0	  9.512710	  2.176654	 -0.017676
110	13	0	  0	  1.470753	 -0.200479	 -0.043336
111	14	0	  0	 -1.532381	 -6.279907	  0.001702
112	15	0	  0	 11.764981	 -3.338787	  0.439762
113	16	0	  0	  1.209442	 -5.096392	 -0.126198
114	17	0	  0	  2.868617	 -8.054730	  0.219956
115	18	0	  0	 -4.944068	 -3.842363	 -0.154183
116	19	0	  0	  2.124121	 -2.240077	  0.121688
117	20	0	  0	 10.155645	 -2.257942	  0.373364
118	21	0	  0	-10.562545	 -1.014894	 -0.120482
119	22	0	  0	  6.174694	  1.124441	  0.101532
120	23	0	  0	  1.201730	 -1.214065	 -0.180082
121	 0	0	 90	  2.594125	  0.033073	  0.025179
122	 1	0	 90	  3.621155	 -2.604936	 -0.402265
123	 2	0	 90	 11.588169	 -2.466985	  0.006398
124	 3	0	 90	  9.701092	  2.641691	  0.020262
125	 4	0	 90	  2.600120	 -0.326671	 -0.086861
126	 5	0	 90	  5.395222	 -5.993404	  0.190835
127	 6	0	 90	  1.024047	 -3.360927	  0.047343
128	 7	0	 90	  7.369290	  0.316142	  0.045068
129	 8	0	 90	  6.969201	 -2.973023	 -0.336463
130	 9	0	 90	 -0.098309	  0.135724	  0.038149
131	10	0	 90	  4.256971	 -6.732556	 -0.202605
132	11	0	 90	 -5.702196	 -4.799215	 -0.083505
133	12	0	 90	  5.250435	 -5.164390	 -0.051759
134	13	0	 90	  4.383651	  1.122044	 -0.156889
135	14	0	 90	  2.760069	 -4.362085	 -0.134702
136	15	0	 90	  6.627924	 -1.922546	 -0.116332
137	16	0	 90	  3.033613	 -6.197248	 -0.066938
138	17	0	 90	  7.570328	 -1.303357	  0.076524
139	18	0	 90	 -0.612846	-12.348585	 -0.158798
140	19	0	 90	  5.419869	 -5.050995	 -0.129461
141	20	0	 90	  7.206012	 -4.870557	  0.022443
142	21	0	 90	  2.667275	 -3.933378	 -0.030629
143	22	0	 90	  1.385645	 -7.865167	 -0.330267
144	23	0	 90	  1.676048	 -1.299916	 -0.193790
145	 0	0	180	  6.507484	 -1.438033	  0.320006
146	 1	0	180	  4.414965	  3.411091	 -0.372036
147	 2	0	180	 13.865541	  1.577114	  0.159621
148	 3	0	180	  3.647677	  0.740106	  0.046008
149	 4	0	180	  5.229792	 -1.876190	  0.088828
150	 5	0	180	  8.833110	  3.518596	  0.082633
151	 6	0	180	  2.247796	  4.067069	  0.099281
152	 7	0	180	  3.642333	  4.042710	  0.001961
153	 8	0	180	  6.976136	  6.873958	 -0.166784
154	 9	0	180	  6.754939	  4.358846	  0.097961
155	10	0	180	  5.751656	 -0.764084	 -0.208802
156	11	0	180	 10.071177	 -2.425817	  0.222187
157	12	0	180	 16.081301	  3.074792	  0.045156
158	13	0	180	 -0.933979	  3.402889	  0.178510
159	14	0	180	  4.646371	  5.298737	  0.100300
160	15	0	180	  5.353199	  4.491974	 -0.193654
161	16	0	180	 12.930330	  2.448164	  0.410655
162	17	0	180	  4.759066	  1.965730	 -0.206305
163	18	0	180	 15.431543	 -3.961491	  0.218664
164	19	0	180	 17.175464	 -1.919590	  0.226198
165	20	0	180	  7.354908	  2.987391	  0.208879
166	21	0	180	  9.010034	 -5.561365	  0.094238
167	22	0	180	 12.801243	 -7.537372	 -0.071973
168	23	0	180	  7.099911	  2.388211	 -0.046461
169	 0	0	270	  6.738047	  0.718119	  0.059444
170	 1	0	270	  4.537280	 -5.337761	 -0.095421
171	 2	0	270	 10.890514	 -4.509339	  0.079357
172	 3	0	270	  3.399971	-11.957729	 -0.086539
173	 4	0	270	  2.971955	 -3.241839	 -0.013769
174	 5	0	270	  2.139484	  1.224082	 -0.093806
175	 6	0	270	 -3.800099	  0.448329	  0.110784
176	 7	0	270	  3.714333	  2.250036	  0.069299
177	 8	0	270	 -3.716210	  0.517256	 -0.283847
178	 9	0	270	 -0.495695	  6.688323	 -0.107965
179	10	0	270	 -0.596871	  0.344062	 -0.180961
180	11	0	270	  1.119638	  3.464404	 -0.277320
181	12	0	270	  2.891615	  0.661556	  0.084031
182	13	0	270	  0.600039	  4.004803	 -0.177096
183	14	0	270	 -1.112110	  3.081075	 -0.259983
184	15	0	270	  1.398060	 -0.834831	 -0.036142
185	16	0	270	 -1.971296	 -2.912713	 -0.228069
186	17	0	270	  0.959953	 -3.753406	  0.006145
187	18	0	270	  6.921822	  4.013783	  0.134852
188	19	0	270	  5.323754	  0.923002	 -0.172684
189	20	0	270	  3.102026	  0.450100	  0.250565
190	21	0	270	  3.198300	  2.796511	 -0.169144
191	22	0	270	  7.261465	  1.659086	 -0.237070
192	23	0	270	  4.495261	 -2.980508	 -0.234381
193	 0	0	  0	  2.827039	  7.616697	 -0.010499
194	 1	0	  0	  6.014940	 -1.840760	 -0.049788
195	 2	0	  0	  9.323566	 -4.563736	  0.043292
196	 3	0	  0	  4.406585	 -1.982708	 -0.031252
197	 4	0	  0	  4.187318	 -3.353650	  0.164457
198	 5	0	  0	  5.327137	 -6.597994	  0.296506
199	 6	0	  0	 -1.625988	 -3.219641	 -0.125211
200	 7	0	  0	  1.644627	 -1.295890	  0.239697
201	 8	0	  0	 -0.084001	  0.682042	  0.199254
202	 9	0	  0	 -2.765329	 -0.645872	 -0.252281
203	10	0	  0	 -1.551074	 -1.420917	 -0.017247
204	11	0	  0	 -4.943453	  6.789234	 -0.299156
205	12	0	  0	  3.193223	  3.481142	  0.081901
206	13	0	  0	 -3.960698	 -0.037224	 -0.148428
207	14	0	  0	 -4.277307	 -5.681152	 -0.057674
208	15	0	  0	  7.026626	 -3.641653	  0.025029
209	16	0	  0	 -0.024517	 -5.582143	 -0.115490
210	17	0	  0	  1.531166	 -5.470229	 -0.092924
211	18	0	  0	 -2.915516	  0.686535	 -0.072634
212	19	0	  0	 -1.630586	  0.165241	  0.069950
213	20	0	  0	  5.842526	  1.628128	  0.306916
214	21	0	  0	-10.044636	 -2.045967	 -0.088871
215	22	0	  0	  4.571135	  1.556462	  0.156308
216	23	0	  0	 -1.391635	  1.397118	 -0.259595
217	 0	0	 90	 -0.945722	  2.169066	 -0.238629
218	 1	0	 90	 -0.261652	 -0.982076	 -0.273277
219	 2	0	 90	  9.203032	 -1.835503	 -0.030160
220	 3	0	 90	  5.718792	  4.620746	 -0.000807
221	 4	0	 90	  1.543890	  2.612134	 -0.086955
222	 5	0	 90	  2.821170	 -3.797718	  0.206217
223	 6	0	 90	  1.185808	 -0.081931	  0.106356
224	 7	0	 90	  5.249661	 -0.519151	  0.125832
225	 8	0	 90	  2.882445	 -0.192367	 -0.175775
226	 9	0	 90	 -2.464019	  0.270793	  0.072437
227	10	0	 90	  4.923855	 -3.594086	 -0.384362
228	11	0	 90	 -4.272618	 -3.482512	 -0.190176
229	12	0	 90	  2.813394	 -2.828452	 -0.114257
230	13	0	 90	  2.196479	  3.315752	 -0.086293
231	14	0	 90	  0.894127	 -2.908320	 -0.046009
232	15	0	 90	  3.091838	  1.306200	 -0.312908
233	16	0	 90	  2.453748	 -3.897032	 -0.176189
234	17	0	 90	  5.027859	 -2.701622	 -0.010057
235	18	0	 90	 -7.432891	-13.321532	 -0.386887
236	19	0	 90	  3.615404	 -1.368925	  0.159546
237	20	0	 90	  6.414088	 -1.205445	  0.264127
238	21	0	 90	 -1.450463	 -2.730794	  0.060223
239	22	0	 90	  3.072119	 -3.616253	 -0.166187
240	23	0	 90	  0.597085	 -4.540690	 -0.035299
241	 0	0	180	  3.713740	  5.175515	 -0.084133
242	 1	0	180	  1.879586	  2.808248	 -0.226607
243	 2	0	180	  9.445800	  1.065627	 -0.016358
244	 3	0	180	  0.267749	  2.333745	  0.003783
245	 4	0	180	  1.579374	  0.267162	  0.249703
246	 5	0	180	 10.787426	  3.137825	  0.078172
247	 6	0	180	  4.422993	  4.276526	  0.080565
248	 7	0	180	  2.729633	  3.319148	 -0.200952
249	 8	0	180	  8.103567	  9.047864	 -0.070937
250	 9	0	180	  6.805272	  2.151858	  0.083321
251	10	0	180	  4.363320	 -0.887798	 -0.193753
252	11	0	180	  8.793265	 -0.965641	 -0.220864
253	12	0	180	 17.777858	 -1.362100	 -0.071166
254	13	0	180	 -0.416613	  2.402795	 -0.054680
255	14	0	180	  2.302385	  6.656890	  0.086310
256	15	0	180	  2.805713	  2.725719	 -0.151364
257	16	0	180	 10.120932	  1.058387	  0.259940
258	17	0	180	  4.621121	  2.157688	 -0.216261
259	18	0	180	 15.468133	 -4.450346	  0.012411
260	19	0	180	 15.915889	  1.992919	  0.205230
261	20	0	180	  5.112898	  0.791054	  0.134556
262	21	0	180	  6.662387	 -4.448942	  0.175449
263	22	0	180	 12.224031	 -3.739902	 -0.136039
264	23	0	180	  2.299321	  5.196843	 -0.095300
265	 0	0	270	  2.639696	  2.293114	  0.195627
266	 1	0	270	  1.963762	 -3.637447	 -0.020773
267	 2	0	270	  7.885974	 -3.196383	  0.140910
268	 3	0	270	  3.458210	 -8.878398	 -0.095242
269	 4	0	270	  0.596577	 -5.627244	 -0.041763
270	 5	0	270	  0.246085	  0.962776	  0.070519
271	 6	0	270	 -3.754983	 -0.753748	 -0.017093
272	 7	0	270	  3.353290	  2.548336	  0.079529
273	 8	0	270	 -1.312791	  1.134852	 -0.244397
274	 9	0	270	 -0.959940	  6.703067	  0.032433
275	10	0	270	  1.034912	 -0.901179	 -0.008110
276	11	0	270	  1.061612	  3.803793	 -0.045346
277	12	0	270	  4.257630	  3.914185	  0.229608
278	13	0	270	  0.572405	 -0.155954	 -0.244331
279	14	0	270	 -2.365696	  6.063038	  0.040707
280	15	0	270	  4.030672	 -0.173892	  0.264277
281	16	0	270	  0.010054	 -3.863857	 -0.256882
282	17	0	270	  3.563367	 -3.501343	 -0.059677
283	18	0	270	  6.175776	  4.310801	  0.134434
284	19	0	270	  6.226163	  0.731134	 -0.081172
285	20	0	270	 -0.014482	 -1.027095	  0.420562
286	21	0	270	  5.350373	  3.484261	 -0.122561
287	22	0	270	  7.838129	  1.727558	 -0.034379
288	23	0	270	  4.588039	  0.323437	 -0.089206
289	 0	0	  0	  5.705014	  4.374865	 -0.031630
290	 1	0	  0	  6.471545	 -3.343753	 -0.101563
291	 2	0	  0	  7.815345	 -7.075458	 -0.013495
292	 3	0	  0	  7.896678	 -4.477694	 -0.120252
293	 4	0	  0	  5.184786	 -4.038713	  0.126243
294	 5	0	  0	  1.236075	 -6.359753	  0.129161
295	 6	0	  0	 -0.355170	 -4.873613	  0.112986
296	 7	0	  0	  3.467651	 -2.385790	  0.155425
297	 8	0	  0	 -2.027385	 -0.976959	 -0.045751
298	 9	0	  0	 -1.910199	 -0.374788	 -0.153313
299	10	0	  0	 -0.665928	 -1.357938	 -0.026376
300	11	0	  0	 -1.734861	  7.140981	 -0.081637
301	12	0	  0	  6.564557	  0.303826	  0.065194
302	13	0	  0	 -1.884965	 -0.509178	 -0.016450
303	14	0	  0	 -1.456583	 -2.769287	 -0.060464
304	15	0	  0	  7.007152	 -1.225442	  0.216893
305	16	0	  0	  2.553198	 -6.941448	 -0.394881
306	17	0	  0	  2.056667	 -7.472789	  0.035022
307	18	0	  0	 -0.915766	  3.398007	 -0.049994
308	19	0	  0	 -0.509804	 -4.423399	  0.134160
309	20	0	  0	  5.162823	 -1.452772	  0.309767
310	21	0	  0	 -9.189296	  1.469189	 -0.077267
311	22	0	  0	  4.090358	  3.046386	  0.228733
312	23	0	  0	 -1.012339	 -0.322785	 -0.147027
313	 0	0	 90	 -1.852737	  1.192896	  0.090912
314	 1	0	 90	 -1.882227	 -2.027453	 -0.253898
315	 2	0	 90	  7.166330	 -0.416937	  0.114088
316	 3	0	 90	  1.945672	  5.681398	 -0.151818
317	 4	0	 90	 -0.463707	  3.778545	 -0.193564
318	 5	0	 90	  2.668620	 -3.622220	 -0.035953
319	 6	0	 90	  1.008997	  0.426928	  0.092049
320	 7	0	 90	  6.595587	  1.257924	  0.180771
321	 8	0	 90	 -1.395702	  0.272984	 -0.457370
322	 9	0	 90	 -4.654953	  3.153530	 -0.066143
323	10	0	 90	  2.128896	 -2.290734	 -0.176480
324	11	0	 90	 -5.650461	  2.055485	 -0.185255
325	12	0	 90	  2.081627	 -3.000682	 -0.076819
326	13	0	 90	  1.921543	  3.735995	 -0.281997
327	14	0	 90	  1.159026	 -2.993223	 -0.031948
328	15	0	 90	 -0.022701	  2.154747	 -0.324221
329	16	0	 90	 -0.081173	 -0.787287	 -0.066323
330	17	0	 90	  3.808450	 -1.703038	  0.056942
331	18	0	 90	 -3.394652	 -7.034085	 -0.137748
332	19	0	 90	  1.086387	 -1.731071	  0.222021
333	20	0	 90	  2.449147	  0.490211	  0.044314
334	21	0	 90	  1.371862	 -2.694247	  0.256734
335	22	0	 90	  0.943306	 -1.879628	 -0.251881
336	23	0	 90	 -1.890400	 -1.489464	 -0.243793
337	 0	0	180	  1.859683	 -2.069975	  0.051436
338	 1	0	180	  0.621535	  4.089888	 -0.286015
339	 2	0	180	 10.391781	  3.034622	  0.242914
340	 3	0	180	 -2.956624	  4.073544	 -0.036198
341	 4	0	180	  1.835008	 -0.289287	  0.144135
342	 5	0	180	  7.783476	  3.260552	 -0.060413
343	 6	0	180	 -1.038459	  5.391553	 -0.173829
344	 7	0	180	 -2.348863	  5.176035	  0.102083
345	 8	0	180	  3.481224	 13.034559	 -0.137681
346	 9	0	180	  3.081528	  4.349706	  0.041646
347	10	0	180	  1.317387	 -2.232614	 -0.199385
348	11	0	180	  9.351574	 -1.958758	  0.125942
349	12	0	180	 12.840865	  3.420514	  0.197430
350	13	0	180	 -2.329808	  4.567103	  0.046123
351	14	0	180	 -0.601590	  3.758528	 -0.189794
352	15	0	180	  1.201485	  7.798587	  0.014020
353	16	0	180	  6.252142	  2.997055	  0.267831
354	17	0	180	  4.471371	  3.629330	  0.039869
355	18	0	180	 13.301820	 -1.618759	  0.495494
356	19	0	180	 11.304416	  1.670838	 -0.179683
357	20	0	180	  2.944000	  1.082792	  0.006475
358	21	0	180	  3.197624	 -0.630067	  0.245972
359	22	0	180	  6.590185	  0.529212	 -0.166948
360	23	0	180	  1.878376	  2.943673	 -0.105885
361	 0	0	270	  4.174004	 -1.212585	  0.043422
362	 1	0	270	  3.948002	 -2.878824	 -0.043807
363	 2	0	270	  6.384739	 -4.166792	  0.000414
364	 3	0	270	  7.303284	-10.880495	  0.001681
365	 4	0	270	  0.939025	 -6.475870	 -0.123993
366	 5	0	270	 -0.418397	 -0.075080	  0.097306
367	 6	0	270	 -4.820611	  0.135440	 -0.255929
368	 7	0	270	 -1.358576	  1.502573	 -0.007902
369	 8	0	270	 -3.641473	  4.388934	 -0.213063
370	 9	0	270	 -3.569245	  7.592086	  0.041500
371	10	0	270	  1.804785	 -1.954221	  0.035655
372	11	0	270	 -1.878189	  1.169202	 -0.448639
373	12	0	270	  4.178184	  0.568369	  0.121426
374	13	0	270	  1.424715	 -1.700876	 -0.175070
375	14	0	270	 -2.108550	  5.040917	 -0.002060
376	15	0	270	 10.372472	 -0.385181	  0.063636
377	16	0	270	 -3.273092	 -4.006303	 -0.302951
378	17	0	270	  1.850992	 -5.570017	 -0.126053
379	18	0	270	  3.943061	  2.454853	 -0.002071
380	19	0	270	  3.727786	  2.172262	 -0.276103
381	20	0	270	  2.544518	 -0.774291	  0.069863
382	21	0	270	  3.040586	  3.236244	 -0.101390
383	22	0	270	  7.553663	 -0.232172	 -0.026876
384	23	0	270	  1.438476	 -2.903053	  0.009362
385	 0	0	  0	  7.604021	  1.712124	 -0.051208
386	 1	0	  0	  8.449823	 -0.896107	 -0.212755
387	 2	0	  0	  7.502974	 -3.811640	  0.083064
388	 3	0	  0	  8.626816	 -3.614150	 -0.136268
389	 4	0	  0	  3.538104	 -2.762135	 -0.139890
390	 5	0	  0	  6.621707	 -7.702329	  0.126716
391	 6	0	  0	 -1.494492	 -6.838627	 -0.060068
392	 7	0	  0	  3.676920	 -1.521803	 -0.015024
393	 8	0	  0	 -0.093956	 -1.521888	 -0.027229
394	 9	0	  0	 -4.362309	  0.492637	 -0.083166
395	10	0	  0	 -1.576661	 -2.787566	 -0.178293
396	11	0	  0	 -3.176233	  4.306787	 -0.172663
397	12	0	  0	 10.455901	  0.397139	 -0.091200
398	13	0	  0	 -3.629266	 -0.759747	 -0.003575
399	14	0	  0	  0.667952	 -4.025352	 -0.118432
400	15	0	  0	  7.998974	 -4.191395	  0.086211
401	16	0	  0	  3.818061	 -3.881766	  0.001594
402	17	0	  0	  5.707794	 -8.200637	  0.031651
403	18	0	  0	 -3.474849	  0.814060	 -0.391076
404	19	0	  0	 -1.523994	 -4.972911	 -0.109326
405	20	0	  0	  5.592674	  0.534458	  0.245482
406	21	0	  0	-10.068664	  1.595305	 -0.077707
407	22	0	  0	  2.555720	  1.106302	  0.074096
408	23	0	  0	 -3.621776	 -0.015781	 -0.751380
409	 0	0	 90	 -1.676304	 -2.826622	 -0.110691
410	 1	0	 90	  3.010450	 -2.757563	 -0.236551
411	 2	0	 90	  6.895117	 -3.136835	 -0.107958
412	 3	0	 90	  4.193457	  1.561027	 -0.127513
413	 4	0	 90	  3.151277	  1.275369	 -0.210249
414	 5	0	 90	  5.446499	 -6.740086	  0.120073
415	 6	0	 90	  0.694047	 -5.218251	  0.272752
416	 7	0	 90	  7.766454	  2.011029	  0.137549
417	 8	0	 90	  0.721505	 -4.292859	 -0.203455
418	 9	0	 90	 -0.609886	 -1.556839	  0.158057
419	10	0	 90	  4.604596	 -6.141401	 -0.349954
420	11	0	 90	 -1.973846	 -0.680666	 -0.087697
421	12	0	 90	  3.858619	 -5.082928	 -0.038437
422	13	0	 90	  1.759298	  3.949158	  0.015319
423	14	0	 90	  7.698766	 -4.703810	  0.096345
424	15	0	 90	 -1.778390	 -0.596825	 -0.418216
425	16	0	 90	  5.582457	 -4.433857	 -0.098312
426	17	0	 90	  1.340475	 -4.283336	 -0.200329
427	18	0	 90	 -1.484303	 -6.927004	 -0.122161
428	19	0	 90	  0.875068	 -5.044095	 -0.075676
429	20	0	 90	  1.843917	 -3.089158	  0.168087
430	21	0	 90	  3.074077	 -2.296656	  0.096416
431	22	0	 90	 -0.674375	 -5.386573	 -0.176127
432	23	0	 90	  2.384426	 -3.112707	 -0.189062
433	 0	0	180	  4.230246	 -0.399170	  0.158017
434	 1	0	180	  6.203793	  3.388890	 -0.165643
435	 2	0	180	 11.873232	 -0.011135	  0.155807
436	 3	0	180	 -1.816728	  0.874605	  0.010527
437	 4	0	180	  0.571834	  1.644565	  0.076505
438	 5	0	180	  9.043470	 -0.565023	  0.143176
439	 6	0	180	  5.518935	  6.432922	  0.133370
440	 7	0	180	 -0.703086	  3.859486	 -0.107828
441	 8	0	180	  6.838862	  6.661389	 -0.046663
442	 9	0	180	  4.923820	  4.793576	  0.002731
443	10	0	180	  2.473476	 -2.974974	 -0.142828
444	11	0	180	 11.775373	 -1.880374	  0.126790
445	12	0	180	 14.387823	 -0.559221	 -0.029351
446	13	0	180	  1.670550	  3.357532	 -0.036209
447	14	0	180	 -0.386065	  5.028892	  0.105228
448	15	0	180	  4.125306	  9.044645	 -0.260941
449	16	0	180	  7.029304	  4.990393	  0.156000
450	17	0	180	  0.672506	  4.782815	 -0.247343
451	18	0	180	 17.342301	 -0.484733	  0.362908
452	19	0	180	 10.600476	  5.669460	  0.048473
453	20	0	180	  8.865063	  7.329798	  0.162063
454	21	0	180	  5.647884	 -3.502245	  0.184400
455	22	0	180	  9.524261	 -1.439234	 -0.208579
456	23	0	180	  2.211307	  2.150896	 -0.134426
457	 0	0	270	  2.796973	 -0.201288	  0.011172
458	 1	0	270	  6.043013	 -1.058045	  0.019113
459	 2	0	270	 10.665872	 -5.505919	  0.081863
460	 3	0	270	  8.320313	-10.945264	  0.183063
461	 4	0	270	  3.140355	 -3.239598	 -0.089450
462	 5	0	270	  0.971321	  0.161165	  0.169926
463	 6	0	270	 -2.469202	  2.584126	  0.083312
464	 7	0	270	  1.517835	  1.298130	 -0.053767
465	 8	0	270	  1.853497	  1.721064	 -0.200333
466	 9	0	270	  0.487794	  5.833366	  0.093528
467	10	0	270	  6.065339	  0.674449	  0.059026
468	11	0	270	  3.284169	  3.235518	 -0.300738
469	12	0	270	  5.858260	  7.175323	 -0.005712
470	13	0	270	  2.353567	  1.213821	  0.217964
471	14	0	270	 -1.878837	  3.812394	 -0.042627
472	15	0	270	  6.884097	  2.282297	  0.052919
473	16	0	270	 -2.353365	 -1.878123	 -0.155755
474	17	0	270	  6.458024	 -2.496165	  0.208512
475	18	0	270	  5.673389	  3.982134	 -0.097462
476	19	0	270	  4.612350	  3.607637	 -0.144463
477	20	0	270	  1.139352	 -0.421544	  0.231556
478	21	0	270	  3.890693	  6.046492	 -0.196108
479	22	0	270	 10.705473	  1.230900	  0.120782
480	23	0	270	  3.711302	 -0.876165	 -0.122447
481	 0	0	  0	  1.043236	  3.784350	  0.219930
482	 1	0	  0	  4.310705	 -1.555500	 -0.135150
483	 2	0	  0	  5.892612	 -7.355602	 -0.013864
484	 3	0	  0	  4.677811	 -1.791721	 -0.014569
485	 4	0	  0	  1.851900	 -3.288461	  0.117571
486	 5	0	  0	  4.283380	 -6.643483	  0.332958
487	 6	0	  0	 -4.173431	 -6.739996	 -0.070296
488	 7	0	  0	 -1.365596	 -3.015651	  0.065127
489	 8	0	  0	 -2.528014	  0.133382	  0.053223
490	 9	0	  0	 -7.756515	 -2.420189	 -0.136095
491	10	0	  0	 -0.899347	 -0.861266	 -0.063293
492	11	0	  0	 -4.846791	  5.022441	 -0.208278
493	12	0	  0	  5.584334	  0.133346	 -0.078964
494	13	0	  0	 -6.157941	 -0.855120	 -0.191187
495	14	0	  0	 -4.822755	 -4.619488	 -0.343711
496	15	0	  0	  3.759561	 -0.647493	 -0.071482
497	16	0	  0	 -3.328483	 -4.459836	 -0.223617
498	17	0	  0	 -1.579526	 -5.330692	 -0.105354
499	18	0	  0	 -7.951268	  0.133432	 -0.181007
500	19	0	  0	  3.099939	 -4.387519	  0.071020
501	20	0	  0	  3.192619	 -1.693747	  0.147054
502	21	0	  0	-10.995883	  0.059403	 -0.002795
503	22	0	  0	 -1.527233	  1.606856	  0.111651
504	23	0	  0	 -3.921513	 -1.843012	 -0.649772
505	 0	0	 90	 -1.577505	  1.900284	 -0.026573
506	 1	0	 90	 -0.598289	  1.403062	 -0.127731
507	 2	0	 90	  6.271683	 -2.433657	  0.030093
508	 3	0	 90	  3.634527	  5.130102	  0.121042
509	 4	0	 90	 -2.296605	  3.482238	 -0.074774
510	 5	0	 90	  4.241494	 -1.814762	  0.031877
511	 6	0	 90	 -4.524856	 -0.008398	 -0.096709
512	 7	0	 90	  6.398052	  1.688212	  0.209443
513	 8	0	 90	 -0.594843	 -0.559785	 -0.193380
514	 9	0	 90	 -0.187015	  2.560381	  0.261437
515	10	0	 90	  2.955349	 -2.409706	 -0.188644
516	11	0	 90	 -5.271428	  0.465258	 -0.091966
517	12	0	 90	  1.125866	 -3.339912	 -0.212865
518	13	0	 90	  0.053335	  2.873391	 -0.196101
519	14	0	 90	  1.804862	 -2.776093	 -0.244950
520	15	0	 90	  0.305887	  3.292960	 -0.099706
521	16	0	 90	 -0.078803	 -1.047866	  0.005855
522	17	0	 90	  0.932720	 -1.641840	 -0.375955
523	18	0	 90	 -4.376115	 -6.786291	  0.095784
524	19	0	 90	  4.150930	 -2.852353	 -0.060862
525	20	0	 90	  1.013766	 -0.049599	 -0.080350
526	21	0	 90	  1.515750	 -1.056141	  0.040636
527	22	0	 90	 -2.453877	 -3.995775	 -0.367546
528	23	0	 90	 -1.793228	  0.302820	 -0.073204
529	 0	0	180	  3.153486	  2.269355	  0.167785
530	 1	0	180	  2.543446	  5.530263	 -0.158037
531	 2	0	180	  9.775707	  1.182109	  0.086148
532	 3	0	180	 -0.749028	  3.309266	 -0.239884
533	 4	0	180	  1.831043	  1.774830	  0.111506
534	 5	0	180	  2.099467	  1.669304	 -0.181495
535	 6	0	180	  3.911306	  4.371046	  0.095625
536	 7	0	180	  1.167151	  4.798918	 -0.271986
537	 8	0	180	  4.085174	  9.461006	 -0.053096
538	 9	0	180	  4.978602	  6.136096	  0.071354
539	10	0	180	  3.151789	 -0.806761	 -0.166181
540	11	0	180	 12.368935	  0.705497	 -0.013507
541	12	0	180	 13.216452	  2.044950	  0.186933
542	13	0	180	  1.494935	  8.099784	  0.064489
543	14	0	180	  1.904337	  6.279605	 -0.059448
544	15	0	180	  2.527722	  7.276731	 -0.030755
545	16	0	180	  8.786706	  3.531158	  0.247679
546	17	0	180	  2.494333	  1.572178	 -0.125817
547	18	0	180	 17.513548	 -4.455150	 -0.008582
548	19	0	180	 12.041454	 -1.423428	  0.061293
549	20	0	180	  5.344586	  7.016703	  0.250962
550	21	0	180	  2.424321	 -2.877394	  0.240259
551	22	0	180	  5.799133	 -2.732375	 -0.118360
552	23	0	180	  1.718469	  5.540031	 -0.165605
553	 0	0	270	  4.109294	  1.699534	  0.085782
554	 1	0	270	  3.308943	  0.147282	  0.009545
555	 2	0	270	  5.973999	 -2.944688	 -0.192173
556	 3	0	270	  8.617391	 -8.370901	 -0.205633
557	 4	0	270	 -0.959166	 -2.223168	 -0.057068
558	 5	0	270	 -0.614989	  1.914356	  0.318358
559	 6	0	270	 -5.182775	  4.013218	  0.084795
560	 7	0	270	 -3.230997	 -0.139145	  0.170678
561	 8	0	270	 -4.923119	  5.238827	 -0.083740
562	 9	0	270	 -4.986194	  6.328816	  0.334002
563	10	0	270	  4.960771	  0.328448	  0.121858
564	11	0	270	  5.810775	  4.159927	 -0.121064
565	12	0	270	  3.612384	  2.229380	  0.058317
566	13	0	270	  4.024764	  3.849566	 -0.177153
567	14	0	270	 -4.377132	  5.048541	  0.248187
568	15	0	270	  6.497163	  0.792799	  0.067215
569	16	0	270	  0.776517	 -5.813058	 -0.277353
570	17	0	270	  3.455676	 -0.866610	  0.042713
571	18	0	270	  6.450012	  0.358709	 -0.048703
572	19	0	270	  4.451860	  0.837495	 -0.130235
573	20	0	270	  3.416770	 -0.389389	  0.079285
574	21	0	270	  3.159840	  1.190352	 -0.136547
575	22	0	270	  9.512133	  1.226367	 -0.053938
576	23	0	270	 -4.730731	 -3.046439	 -0.307306
577	 0	0	  0	  4.465205	  2.992366	  0.113024
578	 1	0	  0	  1.788862	 -1.663329	 -0.254715
579	 2	0	  0	  6.215012	 -2.654292	  0.052890
580	 3	0	  0	  7.511425	 -4.417628	 -0.040341
581	 4	0	  0	  2.393326	 -2.341009	 -0.078359
582	 5	0	  0	  4.868180	 -6.699650	  0.250990
583	 6	0	  0	 -4.890179	 -4.381633	 -0.161841
584	 7	0	  0	 -1.452376	 -1.940533	 -0.029475
585	 8	0	  0	 -3.908198	  1.272703	 -0.078700
586	 9	0	  0	 -3.730117	 -1.539027	 -0.088193
587	10	0	  0	 -3.336650	 -0.600344	 -0.190371
588	11	0	  0	 -7.626256	  6.559593	 -0.196233
589	12	0	  0	  6.121871	  0.436617	  0.011801
590	13	0	  0	 -3.541981	 -0.837578	 -0.162341
591	14	0	  0	 -2.837496	 -6.451615	  0.030888
592	15	0	  0	  4.665458	 -2.072862	  0.179099
593	16	0	  0	 -1.251607	 -3.319794	 -0.386571
594	17	0	  0	 -0.084654	 -4.145950	  0.120414
595	18	0	  0	 -8.169970	 -1.421725	 -0.258074
596	19	0	  0	 -1.491970	 -2.919726	 -0.028646
597	20	0	  0	  5.204338	 -0.969422	  0.209171
598	21	0	  0	-11.563727	  3.870253	 -0.072808
599	22	0	  0	 -0.108105	  1.265369	  0.134867
600	23	0	  0	 -2.231742	 -0.620167	 -0.139465
601	 0	0	 90	 -5.242759	 -2.878102	  0.051788
602	 1	0	 90	 -1.007867	 -1.500097	 -0.162718
603	 2	0	 90	  4.166188	  0.185102	 -0.012649
604	 3	0	 90	  4.732987	  5.764039	 -0.148275
605	 4	0	 90	  2.487701	  2.445966	 -0.159396
606	 5	0	 90	  5.283747	 -3.033007	  0.023634
607	 6	0	 90	  0.423116	 -1.609874	  0.024266
608	 7	0	 90	  4.920344	  1.203946	  0.242217
609	 8	0	 90	  0.707592	 -2.441160	 -0.347245
610	 9	0	 90	  1.780746	  1.587018	  0.016288
611	10	0	 90	  4.773935	 -2.705401	 -0.113632
612	11	0	 90	 -5.841829	  1.119235	 -0.221614
613	12	0	 90	  4.206895	 -3.842154	  0.016758
614	13	0	 90	  1.014862	  1.684029	 -0.138822
615	14	0	 90	  3.148952	 -2.688621	 -0.117729
616	15	0	 90	  0.383598	  0.948267	 -0.332626
617	16	0	 90	  1.756826	 -0.920769	  0.072479
618	17	0	 90	  5.206324	 -1.126441	  0.034222
619	18	0	 90	 -6.275469	 -8.804944	 -0.235606
620	19	0	 90	  5.410149	 -2.809190	  0.121760
621	20	0	 90	 -0.718325	 -1.267688	  0.084597
622	21	0	 90	  5.943839	 -0.191099	  0.003462
623	22	0	 90	 -0.643908	 -4.895264	 -0.147082
624	23	0	 90	  3.849518	  0.584383	 -0.538618
625	 0	0	180	  2.389899	 -1.709728	  0.252252
626	 1	0	180	  5.982154	  3.191161	 -0.130729
627	 2	0	180	 10.948614	  2.642461	  0.197484
628	 3	0	180	 -1.251334	  3.855176	  0.137872
629	 4	0	180	  0.328454	  2.524589	  0.280999
630	 5	0	180	  8.988500	  3.886630	  0.166631
631	 6	0	180	  8.021594	  2.933671	  0.299941
632	 7	0	180	  1.771575	  3.875299	  0.113069
633	 8	0	180	  6.981289	  5.306955	  0.021528
634	 9	0	180	  6.598105	  4.985585	 -0.003003
635	10	0	180	  4.275432	 -3.184873	  0.005238
636	11	0	180	 11.105737	 -0.234407	  0.298286
637	12	0	180	 14.483990	  0.632602	 -0.037736
638	13	0	180	  1.475475	  5.786093	  0.229100
639	14	0	180	  3.233466	  6.733193	 -0.126322
640	15	0	180	  7.830022	  5.095711	 -0.155500
641	16	0	180	  5.875152	  7.142483	  0.100703
642	17	0	180	  4.691190	  1.067217	 -0.058164
643	18	0	180	 14.748298	 -2.262186	  0.442574
644	19	0	180	 13.414421	  1.260362	  0.142152
645	20	0	180	  7.804162	  5.799418	  0.231389
646	21	0	180	  7.646179	 -1.725769	  0.261148
647	22	0	180	 12.860081	 -3.108442	 -0.100589
648	23	0	180	  5.310192	  6.806241	 -0.022138
649	 0	0	270	  3.070723	 -1.159438	 -0.053390
650	 1	0	270	  3.407047	 -3.767367	 -0.099266
651	 2	0	270	 10.996396	 -4.492094	  0.115505
652	 3	0	270	  5.598160	 -9.648630	 -0.121529
653	 4	0	270	  2.500081	 -4.245357	 -0.169542
654	 5	0	270	  4.090714	  0.719886	 -0.055404
655	 6	0	270	  0.585274	  1.085334	  0.088624
656	 7	0	270	  3.915933	  2.868813	 -0.015652
657	 8	0	270	 -3.066497	 -0.400876	 -0.356399
658	 9	0	270	 -2.598275	  5.934158	  0.358749
659	10	0	270	  3.231171	 -2.955361	 -0.089064
660	11	0	270	  1.826318	  1.830434	 -0.172188
661	12	0	270	  5.168328	  1.570675	  0.088392
662	13	0	270	  2.535697	  1.502405	 -0.106162
663	14	0	270	 -3.784095	  2.159706	 -0.211541
664	15	0	270	  8.922099	 -0.852603	 -0.116111
665	16	0	270	 -0.700436	 -2.629086	 -0.321501
666	17	0	270	  3.744321	 -2.849180	  0.132985
667	18	0	270	  1.629239	  4.896947	 -0.235803
668	19	0	270	  7.074308	 -1.253773	 -0.196518
669	20	0	270	  1.551594	  1.874422	  0.048262
670	21	0	270	  4.475430	  3.585546	 -0.181831
671	22	0	270	 14.409734	  1.262505	  0.057533
672	23	0	270	  2.382693	 -1.520057	 -0.140792
673	 0	0	  0	  6.234265	  2.542751	 -0.090714
674	 1	0	  0	 -0.228604	 -3.259780	 -0.307475
675	 2	0	  0	 11.022746	 -1.717366	  0.034595
676	 3	0	  0	  3.249227	 -0.498684	 -0.116953
677	 4	0	  0	  4.239334	 -2.342550	  0.083680
678	 5	0	  0	  6.202852	 -7.357616	  0.384912
679	 6	0	  0	 -4.819282	 -5.046290	 -0.002817
680	 7	0	  0	  2.396317	 -1.245461	  0.209128
681	 8	0	  0	 -4.552173	  0.367634	 -0.073181
682	 9	0	  0	 -3.459636	 -1.178166	  0.144020
683	10	0	  0	 -7.829117	 -4.288527	 -0.308778
684	11	0	  0	 -7.125408	  4.437363	 -0.080666
685	12	0	  0	  3.018059	  0.112748	  0.048843
686	13	0	  0	 -5.266030	 -3.053866	 -0.029525
687	14	0	  0	 -0.875995	 -5.571587	 -0.165963
688	15	0	  0	  4.897815	  0.468951	  0.250445
689	16	0	  0	  1.633438	 -5.092083	 -0.215656
690	17	0	  0	 -0.375694	 -5.213028	  0.054419
691	18	0	  0	 -5.562237	 -2.140785	 -0.083662
692	19	0	  0	 -2.132802	 -0.656800	  0.104356
693	20	0	  0	  4.714229	 -1.592667	  0.220510
694	21	0	  0	 -8.372240	  2.723542	 -0.011751
695	22	0	  0	  1.610459	 -1.814165	 -0.081840
696	23	0	  0	 -3.138683	 -0.474957	 -0.374244
697	 0	0	 90	 -3.767950	 -0.805496	 -0.054476
698	 1	0	 90	  2.321378	 -4.014220	 -0.489721
699	 2	0	 90	 10.506293	 -3.163663	  0.426344
700	 3	0	 90	  4.548693	  4.240754	  0.013960
701	 4	0	 90	  6.273027	  1.952265	 -0.027737
702	 5	0	 90	  6.914092	 -3.367759	  0.046092
703	 6	0	 90	  5.855019	 -2.792854	  0.375757
704	 7	0	 90	  4.897849	 -0.988652	  0.060988
705	 8	0	 90	  0.711349	 -3.353252	 -0.338679
706	 9	0	 90	 -0.632099	 -3.308372	 -0.045571
707	10	0	 90	  2.085764	 -3.307708	 -0.192976
708	11	0	 90	 -2.748654	 -6.997127	 -0.097253
709	12	0	 90	  2.470415	 -5.249885	 -0.036696
710	13	0	 90	  4.036501	 -0.428924	 -0.053179
711	14	0	 90	  3.934013	 -4.496239	  0.039075
712	15	0	 90	  3.861554	 -0.249742	 -0.159296
713	16	0	 90	  5.881658	 -2.038951	 -0.181678
714	17	0	 90	  7.409586	 -2.473830	 -0.115164
715	18	0	 90	 -2.022939	 -9.804750	 -0.130341
716	19	0	 90	  5.602368	 -3.506994	  0.121775
717	20	0	 90	  6.221555	 -1.336726	  0.132845
718	21	0	 90	  3.355172	 -3.897483	 -0.009779
719	22	0	 90	  4.007231	 -3.602789	  0.026519
720	23	0	 90	 -0.950769	 -2.792605	 -0.084642
721	 0	0	180	  0.640304	 -0.340507	  0.033128
722	 1	0	180	  7.392435	  2.343500	 -0.183147
723	 2	0	180	 12.540958	  1.380663	  0.212956
724	 3	0	180	  3.831679	  1.348414	  0.185760
725	 4	0	180	  2.234429	  0.145907	  0.190018
726	 5	0	180	  5.613936	  2.090553	 -0.022854
727	 6	0	180	  5.768079	  5.976293	  0.177987
728	 7	0	180	 -3.779348	  6.565489	 -0.029055
729	 8	0	180	  7.212703	  6.361466	 -0.194371
730	 9	0	180	  3.170175	  2.555613	  0.131727
731	10	0	180	  6.795264	 -0.846886	 -0.125132
732	11	0	180	  8.256518	 -1.920389	 -0.073871
733	12	0	180	 13.212958	  1.711760	  0.108940
734	13	0	180	 -0.205570	  0.807390	  0.155764
735	14	0	180	  3.830561	  6.571556	  0.021690
736	15	0	180	  5.332547	  5.459346	 -0.172139
737	16	0	180	  6.987233	  8.171240	  0.304891
738	17	0	180	  2.230395	  2.066809	 -0.157376
739	18	0	180	 10.260087	 -3.469482	  0.036161
740	19	0	180	 12.235547	  2.206434	  0.161912
741	20	0	180	  1.513652	  4.128633	 -0.056244
742	21	0	180	  3.600984	 -0.818538	  0.248801
743	22	0	180	  9.938500	 -4.946849	  0.026311
744	23	0	180	  3.283846	  6.229297	  0.028220
745	 0	0	270	  2.676240	 -0.199393	 -0.035184
746	 1	0	270	 -0.222782	 -4.010813	 -0.168575
747	 2	0	270	  7.469463	 -2.939303	 -0.044451
748	 3	0	270	  3.774593	 -9.292910	 -0.141741
749	 4	0	270	 -5.926921	 -3.221015	 -0.276787
750	 5	0	270	  4.318749	  2.827150	  0.332949
751	 6	0	270	 -5.950556	  1.707900	  0.003669
752	 7	0	270	 -2.995065	  1.691996	 -0.037387
753	 8	0	270	 -7.445706	 -0.293085	 -0.246260
754	 9	0	270	 -2.202618	  8.009322	 -0.054709
755	10	0	270	  0.829599	  0.410634	  0.077712
756	11	0	270	 -2.533649	  3.345053	 -0.227804
757	12	0	270	  2.963666	  4.137386	  0.198332
758	13	0	270	 -3.764073	  3.754292	 -0.170297
759	14	0	270	 -1.090123	  6.438237	  0.014495
760	15	0	270	  5.715862	  1.789321	 -0.048599
761	16	0	270	 -5.583551	  0.931251	 -0.264267
762	17	0	270	  1.500429	 -3.385481	 -0.164907
763	18	0	270	  0.913676	  8.569875	 -0.124096
764	19	0	270	  4.507551	  0.462214	 -0.099592
765	20	0	270	 -4.043993	  1.729704	  0.121960
766	21	0	270	  4.141470	  5.246984	 -0.170436
767	22	0	270	  3.511607	  2.451560	 -0.207307
768	23	0	270	 -2.012990	  2.843428	 -0.596039
